City_ID,City,Country,Lat,Lng,Max Temp,Humidity,Cloudiness,Wind Speed,Current Description
0,Hobart,AU,-42.8794,147.3294,46.11,81,75,1.99,broken clouds
1,Rajanpur,PK,29.1035,70.325,91.26,50,85,14.0,overcast clouds
2,Qaanaaq,GL,77.484,-69.3632,42.37,62,23,3.85,few clouds
3,Borovoy,RU,55.4333,86.0833,67.28,77,0,4.47,clear sky
4,Avarua,CK,-21.2078,-159.775,78.85,69,20,11.5,few clouds
5,Puerto Colombia,CO,10.9878,-74.9547,86.09,87,95,18.48,overcast clouds
6,Ambilobe,MG,-13.2,49.05,64.22,84,0,3.83,clear sky
7,Tricase,IT,39.9304,18.3553,79.95,62,0,8.86,clear sky
8,Clyde River,CA,70.4692,-68.5914,37.63,87,90,18.41,overcast clouds
9,Port Alfred,ZA,-33.5906,26.891,52.81,67,98,4.7,overcast clouds
10,Chuy,UY,-33.6971,-53.4616,59.72,87,5,4.14,light rain
11,Warrnambool,AU,-38.3833,142.4833,49.8,88,78,25.77,light rain
12,Izumo,JP,35.3667,132.7667,78.75,83,0,8.05,clear sky
13,Sitka,US,57.0531,-135.33,57.09,88,75,10.36,light rain
14,Anloga,GH,5.7947,0.8973,77.22,84,64,11.74,broken clouds
15,Ushuaia,AR,-54.8,-68.3,37.06,81,40,9.22,scattered clouds
16,Ust-Omchug,RU,61.15,149.6333,55.9,83,100,2.82,overcast clouds
17,Lebu,CL,-37.6167,-73.65,49.96,83,100,15.5,overcast clouds
18,Pachperwa,IN,27.5167,82.65,81.57,81,96,13.47,overcast clouds
19,Bredasdorp,ZA,-34.5322,20.0403,49.32,76,0,10.36,clear sky
20,Katsuura,JP,35.1333,140.3,82.51,77,0,3.74,clear sky
21,Upernavik,GL,72.7868,-56.1549,39.94,94,100,9.26,light rain
22,Bukachacha,RU,52.9833,116.9167,59.86,94,74,2.75,light rain
23,Ahipara,NZ,-35.1667,173.1667,57.6,67,2,3.58,clear sky
24,Busselton,AU,-33.65,115.3333,48.09,66,96,11.83,overcast clouds
25,Honiara,SB,-9.4333,159.95,84.25,69,83,4.23,broken clouds
26,Hithadhoo,MV,-0.6,73.0833,82.09,76,100,10.98,overcast clouds
27,Alofi,NU,-19.0595,-169.9187,80.49,83,6,11.5,clear sky
28,Oranjestad,AW,12.524,-70.027,84.15,74,20,20.71,few clouds
29,Kampong Chhnang,KH,12.1667,104.55,76.84,85,100,3.74,overcast clouds
30,Bull Savanna,JM,17.8868,-77.5902,81.7,70,68,10.45,broken clouds
31,Muros,ES,42.7762,-9.0603,64.9,86,34,6.31,scattered clouds
32,Tuktoyaktuk,CA,69.4541,-133.0374,59.0,55,75,12.66,broken clouds
33,Cherskiy,RU,68.75,161.3,53.22,59,2,8.88,clear sky
34,Saint-Francois,FR,46.4154,3.9054,76.17,82,0,3.44,clear sky
35,Urdoma,RU,61.7533,48.5442,47.07,93,100,9.17,overcast clouds
36,Hermanus,ZA,-34.4187,19.2345,48.9,74,0,10.67,clear sky
37,Siocon,PH,7.7061,122.1353,79.21,84,99,4.45,overcast clouds
38,Nikolskoye,RU,59.7035,30.7861,59.02,61,96,3.58,overcast clouds
39,Saint-Leu,RE,-21.15,55.2833,67.06,61,4,2.33,clear sky
40,Loiza,PR,18.4313,-65.8802,84.87,79,75,19.57,haze
41,Hasaki,JP,35.7333,140.8333,79.29,78,0,3.56,clear sky
42,Wuda,CN,39.4994,106.7117,74.07,67,1,21.05,clear sky
43,Mataura,NZ,-46.1927,168.8643,49.48,72,43,3.31,scattered clouds
44,Varkaus,FI,62.3153,27.873,51.31,77,73,4.12,broken clouds
45,Nanortalik,GL,60.1432,-45.2371,42.73,87,37,10.8,scattered clouds
46,Rikitea,PF,-23.1203,-134.9692,71.33,59,71,13.58,broken clouds
47,Vaini,TO,-21.2,-175.2,78.96,89,40,6.91,scattered clouds
48,Paamiut,GL,61.994,-49.6678,43.12,85,83,7.56,light rain
49,Victoria,HK,22.2855,114.1577,84.38,90,70,5.01,heavy intensity rain
50,Luderitz,NA,-26.6481,15.1594,65.17,22,1,23.06,clear sky
51,Aykhal,RU,66.0,111.5,60.24,77,41,16.26,scattered clouds
52,Dikson,RU,73.5069,80.5464,44.92,70,99,14.27,overcast clouds
53,Kasulu,TZ,-4.5767,30.1025,66.16,48,8,1.28,clear sky
54,Boguchany,RU,58.3814,97.4531,63.37,70,13,2.71,few clouds
55,Agropoli,IT,40.3469,14.9966,78.28,87,0,3.27,clear sky
56,Hamilton,US,39.1834,-84.5333,86.2,56,1,1.01,clear sky
57,Port Elizabeth,ZA,-33.918,25.5701,44.89,87,90,0.0,overcast clouds
58,Georgetown,MY,5.4112,100.3354,81.9,90,20,1.01,few clouds
59,Kavieng,PG,-2.5744,150.7967,83.77,74,16,14.38,few clouds
60,Ashta,IN,23.0167,76.7167,73.81,90,79,9.04,broken clouds
61,Kapaa,US,22.0752,-159.319,82.72,77,90,4.0,light rain
62,Inhambane,MZ,-23.865,35.3833,62.92,64,75,10.18,broken clouds
63,Remontnoye,RU,46.5614,43.6501,70.21,57,86,8.28,overcast clouds
64,Peniche,PT,39.3558,-9.3811,66.72,89,69,9.66,broken clouds
65,Ribeira Grande,PT,38.5167,-28.7,71.6,95,100,6.98,overcast clouds
66,Dunedin,NZ,-45.8742,170.5036,53.8,59,22,5.01,few clouds
67,Carnarvon,AU,-24.8667,113.6333,57.27,67,79,8.05,broken clouds
68,Jadu,LY,31.953,12.0261,73.74,42,0,8.77,clear sky
69,Ketchikan,US,55.3422,-131.6461,57.67,88,90,9.22,moderate rain
70,Chokurdakh,RU,70.6333,147.9167,44.01,64,79,13.15,broken clouds
71,Arlit,NE,18.7369,7.3853,96.4,26,34,7.07,scattered clouds
72,Vardo,NO,70.3705,31.1107,46.6,81,100,36.1,overcast clouds
73,Laon,FR,49.5667,3.6667,68.25,82,98,9.66,overcast clouds
74,Bandarbeyla,SO,9.4942,50.8122,77.52,74,17,32.5,few clouds
75,Farafangana,MG,-22.8167,47.8333,67.62,88,88,9.64,light rain
76,Talnakh,RU,69.4865,88.3972,61.41,71,100,19.44,overcast clouds
77,Cervo,ES,43.6702,-7.4101,63.97,80,30,8.55,scattered clouds
78,Cascais,PT,38.6979,-9.4215,68.47,76,40,4.0,scattered clouds
79,Ilulissat,GL,69.2167,-51.1,44.62,81,20,8.05,few clouds
80,Kruisfontein,ZA,-34.0033,24.7314,43.97,77,35,5.46,scattered clouds
81,Tual,ID,-5.6667,132.75,79.75,80,100,17.02,overcast clouds
82,Pomichna,UA,48.2422,31.4158,60.17,74,0,5.66,clear sky
83,Bluff,NZ,-46.6,168.3333,48.79,74,72,9.86,broken clouds
84,Hibbing,US,47.4272,-92.9377,88.95,58,1,9.22,clear sky
85,Bafoulabe,ML,13.8065,-10.8321,77.65,85,73,6.35,broken clouds
86,Acopiara,BR,-6.0953,-39.4525,81.03,40,58,5.88,broken clouds
87,Bayan,CN,46.0833,127.4,78.06,75,49,9.93,scattered clouds
88,Punta Arenas,CL,-53.15,-70.9167,37.51,87,40,19.57,light rain
89,Anqing,CN,30.5092,117.0506,77.38,85,9,11.1,clear sky
90,Xochihuehuetlan,MX,17.9167,-98.4333,85.95,31,5,10.94,clear sky
91,Iguape,BR,-24.7081,-47.5553,61.99,92,0,6.22,clear sky
92,Takaungu,KE,-3.6837,39.8566,75.69,79,24,21.39,few clouds
93,Tateyama,JP,34.9833,139.8667,86.14,77,1,4.07,clear sky
94,Miandrivazo,MG,-19.5167,45.4667,66.52,81,4,3.42,clear sky
95,Kahului,US,20.8947,-156.47,86.02,74,40,27.63,scattered clouds
96,Cape Town,ZA,-33.9258,18.4232,49.26,68,0,2.3,clear sky
97,Barrow,US,71.2906,-156.7887,37.42,87,90,17.27,moderate rain
98,Cidreira,BR,-30.1811,-50.2056,59.63,80,0,8.21,clear sky
99,Yellowknife,CA,62.456,-114.3525,70.32,77,75,3.0,light intensity shower rain
100,New Norfolk,AU,-42.7826,147.0587,45.75,79,75,3.27,broken clouds
101,Brae,GB,60.3964,-1.353,53.51,93,63,6.64,broken clouds
102,Zaysan,KZ,47.4667,84.8667,66.4,55,24,3.51,few clouds
103,Sri Aman,MY,1.2376,111.4621,77.09,94,99,0.0,overcast clouds
104,Kumla,SE,59.1277,15.1434,56.34,87,4,2.3,clear sky
105,Broome,US,42.2506,-75.833,76.69,60,1,4.0,clear sky
106,Castro,BR,-24.7911,-50.0119,53.06,80,0,2.82,clear sky
107,Namibe,AO,-15.1961,12.1522,64.81,89,10,4.09,clear sky
108,Constitucion,CL,-35.3333,-72.4167,53.47,81,94,5.59,overcast clouds
109,Port Hedland,AU,-20.3167,118.5667,60.85,48,3,8.05,clear sky
110,Bambous Virieux,MU,-20.3428,57.7575,68.25,83,40,3.44,scattered clouds
111,Devils Lake,US,48.1128,-98.8651,89.58,48,1,8.99,clear sky
112,Karratha,AU,-20.7377,116.8463,67.91,41,8,11.21,clear sky
113,Bethel,US,41.3712,-73.414,80.91,62,1,4.61,clear sky
114,Senneterre,CA,48.3835,-77.2328,73.62,67,95,3.38,overcast clouds
115,Imeni Poliny Osipenko,RU,52.4201,136.4853,79.27,80,55,6.6,broken clouds
116,Hilo,US,19.7297,-155.09,91.27,81,90,6.91,moderate rain
117,Puerto Carreno,CO,6.189,-67.4859,77.54,88,91,4.5,overcast clouds
118,Hambantota,LK,6.1241,81.1185,79.56,78,98,16.62,overcast clouds
119,Severo-Kurilsk,RU,50.6789,156.125,56.34,90,90,6.93,overcast clouds
120,Saskylakh,RU,71.9167,114.0833,55.08,75,98,16.49,overcast clouds
121,Albany,US,42.6001,-73.9662,75.45,62,45,6.08,scattered clouds
122,Provideniya,RU,64.3833,-173.3,54.37,62,65,7.38,broken clouds
123,Byron Bay,AU,-28.65,153.6167,65.05,79,11,7.9,few clouds
124,Makakilo City,US,21.3469,-158.0858,84.52,61,90,13.8,overcast clouds
125,Longyearbyen,SJ,78.2186,15.6401,44.44,87,75,8.05,broken clouds
126,Jamestown,US,42.097,-79.2353,76.59,55,1,1.99,clear sky
127,La Serena,CL,-29.9078,-71.2542,54.91,71,75,4.61,broken clouds
128,Mahebourg,MU,-20.4081,57.7,68.29,83,40,3.44,scattered clouds
129,Beloha,MG,-25.1667,45.05,63.12,65,64,9.44,broken clouds
130,Ca Mau,VN,9.1769,105.15,77.36,90,90,5.17,overcast clouds
131,Kodiak,US,57.79,-152.4072,54.91,88,90,6.91,moderate rain
132,Batagay,RU,67.6333,134.6333,69.78,41,100,1.99,overcast clouds
133,Richards Bay,ZA,-28.783,32.0377,57.34,63,81,14.34,light rain
134,Fortuna,US,40.5982,-124.1573,98.19,64,20,1.01,few clouds
135,Fort Nelson,CA,58.8053,-122.7002,71.19,43,75,8.05,broken clouds
136,Vao,NC,-22.6667,167.4833,71.04,78,10,7.63,clear sky
137,Dondo,MZ,-19.6094,34.7431,69.31,76,70,10.42,light rain
138,Karibib,NA,-21.9333,15.8333,52.25,9,0,13.73,clear sky
139,Dakar,SN,14.6937,-17.4441,78.93,65,75,4.61,broken clouds
140,Nautla,MX,20.2167,-96.7833,85.91,64,2,16.06,clear sky
141,Banda Aceh,ID,5.5577,95.3222,80.78,77,100,13.13,overcast clouds
142,Kjollefjord,NO,70.9457,27.3465,44.78,88,100,31.72,overcast clouds
143,Bengkulu,ID,-3.8004,102.2655,74.61,85,54,3.96,broken clouds
144,Ventspils,LV,57.3894,21.5606,53.53,94,40,1.14,scattered clouds
145,Savelugu,GH,9.6244,-0.8253,79.54,64,97,7.09,overcast clouds
146,Alice Springs,AU,-23.7,133.8833,45.95,57,2,5.75,clear sky
147,Hualmay,PE,-11.0964,-77.6139,64.36,81,35,9.8,scattered clouds
148,Kupang,ID,-10.1667,123.5833,66.78,82,20,3.44,few clouds
149,Irece,BR,-11.3042,-41.8558,68.83,62,84,15.93,broken clouds
150,Adrar,MR,20.5022,-10.0711,92.12,18,15,8.84,few clouds
151,Petersburg,US,37.2279,-77.4019,86.88,56,40,5.75,scattered clouds
152,Ponta Do Sol,PT,32.6667,-17.1,72.23,60,3,6.82,clear sky
153,Marica,BR,-22.9194,-42.8186,69.75,77,0,12.66,clear sky
154,Paracuru,BR,-3.41,-39.0306,80.62,77,18,14.83,few clouds
155,Dongning,CN,44.0622,131.1207,84.67,61,98,2.37,overcast clouds
156,Necochea,AR,-38.5473,-58.7368,50.04,80,100,13.24,overcast clouds
157,Mehamn,NO,71.0357,27.8492,44.6,89,100,32.35,overcast clouds
158,Delhi,IN,28.6667,77.2167,88.3,94,75,0.0,mist
159,Vanimo,PG,-2.6741,141.3028,78.28,87,100,2.95,overcast clouds
160,Arraial Do Cabo,BR,-22.9661,-42.0278,64.36,77,0,4.61,clear sky
161,Szczecinek,PL,53.7079,16.6994,62.35,84,14,5.5,few clouds
162,Lewisville,US,33.0462,-96.9942,97.18,50,40,1.01,scattered clouds
163,Calabozo,VE,8.9242,-67.4293,77.61,88,81,2.3,broken clouds
164,Kybartai,LT,54.6386,22.7632,58.98,98,9,5.64,clear sky
165,Tabuk,PH,17.4189,121.4443,78.96,84,100,0.38,overcast clouds
166,Pauini,BR,-7.7136,-66.9764,81.37,46,51,1.01,broken clouds
167,Yining,CN,29.0361,114.5636,76.5,93,35,3.31,scattered clouds
168,Tiksi,RU,71.6872,128.8694,45.32,82,93,5.64,overcast clouds
169,Narsaq,GL,60.9167,-46.05,55.62,69,9,3.33,clear sky
170,Nyurba,RU,63.2842,118.3319,67.1,61,10,4.54,clear sky
171,Nouadhibou,MR,20.931,-17.0347,69.78,88,0,11.5,clear sky
172,Puerto Ayora,EC,-0.7393,-90.3518,80.56,80,91,1.99,overcast clouds
173,Takoradi,GH,4.8845,-1.7554,74.46,84,75,7.02,broken clouds
174,Thompson,CA,55.7435,-97.8558,69.96,43,90,16.11,smoke
175,Panaba,MX,21.2833,-88.2667,88.72,55,95,16.71,overcast clouds
176,Los Llanos De Aridane,ES,28.6585,-17.9182,67.75,90,0,16.11,clear sky
177,Wigston,GB,52.5863,-1.1059,64.04,63,99,10.89,overcast clouds
178,East London,ZA,-33.0153,27.9116,52.84,65,95,3.51,overcast clouds
179,Grand-Santi,GF,4.25,-54.3833,75.06,92,98,2.84,overcast clouds
180,Boddam,GB,57.4667,-1.7833,57.58,89,100,6.02,overcast clouds
181,Atuona,PF,-9.8,-139.0333,77.43,76,40,11.43,scattered clouds
182,Saldanha,ZA,-33.0117,17.9442,42.85,66,0,8.03,clear sky
183,Pendleton,US,45.6721,-118.7886,90.43,16,1,1.99,clear sky
184,Fairbanks,US,64.8378,-147.7164,74.23,68,90,0.0,light rain
185,Torbay,CA,47.6666,-52.7314,60.76,95,90,5.75,fog
186,Pacific Grove,US,36.6177,-121.9166,95.29,75,1,5.01,clear sky
187,Tasiilaq,GL,65.6145,-37.6368,41.16,99,100,4.92,light rain
188,Salamiyah,SY,35.0113,37.0532,74.8,75,44,9.4,scattered clouds
189,Puerto Escondido,MX,15.85,-97.0667,88.63,66,75,8.05,broken clouds
190,Butaritari,KI,3.0707,172.7902,83.17,77,38,16.84,light rain
191,Abalak,RU,58.1286,68.5944,59.76,97,100,6.38,overcast clouds
192,Baie-Saint-Paul,CA,47.4411,-70.4986,75.18,94,76,4.63,broken clouds
193,Coquimbo,CL,-29.9533,-71.3436,55.13,71,75,4.61,broken clouds
194,Olafsvik,IS,64.8945,-23.7142,52.3,97,100,12.01,moderate rain
195,Prado,BR,-17.3411,-39.2208,69.06,77,100,9.22,overcast clouds
196,Vostok,RU,46.4856,135.8833,82.24,60,92,0.78,overcast clouds
197,Cookeville,US,36.1628,-85.5016,86.85,61,1,1.01,clear sky
198,Halifax,CA,44.6453,-63.5724,68.52,78,12,1.01,few clouds
199,Saint-Philippe,RE,-21.3585,55.7679,67.59,75,26,6.26,scattered clouds
200,Cabo San Lucas,MX,22.8909,-109.9124,101.52,51,1,9.22,clear sky
201,Burgos,ES,42.3394,-3.7079,59.41,77,0,8.05,clear sky
202,Lorengau,PG,-2.0226,147.2712,82.63,80,30,8.34,scattered clouds
203,Seoul,KR,37.5683,126.9778,82.0,76,0,3.44,clear sky
204,Dallas,US,32.7668,-96.7836,97.52,48,40,1.99,scattered clouds
205,Bijawar,IN,24.6333,79.5,79.93,86,100,0.54,overcast clouds
206,Estevan,CA,49.1334,-102.9842,86.2,17,1,11.5,clear sky
207,Iralaya,HN,15.0,-83.2333,87.89,75,32,10.69,scattered clouds
208,Jalu,LY,29.0331,21.5482,80.13,55,0,12.19,clear sky
209,Sinazongwe,ZM,-17.2614,27.4618,68.56,39,86,3.6,overcast clouds
210,Havelock,US,34.8791,-76.9013,84.43,60,4,5.01,clear sky
211,Anadyr,RU,64.75,177.4833,59.5,77,40,11.18,light rain
212,Pitimbu,BR,-7.4706,-34.8086,75.79,83,14,14.54,few clouds
213,Londonderry,GB,54.9981,-7.3093,64.13,93,100,2.04,overcast clouds
214,Acas,PE,-10.4575,-77.3275,43.99,49,51,2.98,broken clouds
215,Margate,GB,51.3813,1.3862,64.31,88,100,1.99,overcast clouds
216,Lufilufi,WS,-13.8745,-171.5986,83.98,80,16,16.37,light rain
217,Monrovia,LR,6.3005,-10.7969,76.77,85,100,11.99,light rain
218,Alta Floresta,BR,-9.8756,-56.0861,81.88,32,12,4.09,few clouds
219,Hrusovany Nad Jevisovkou,CZ,48.8299,16.4027,70.95,81,30,3.4,scattered clouds
220,Ukiah,US,39.1502,-123.2078,104.52,19,1,3.0,clear sky
221,Maroon Town,JM,18.3446,-77.7954,82.4,80,85,4.32,light rain
222,Iqaluit,CA,63.7506,-68.5145,55.13,62,75,10.0,broken clouds
223,Hermiston,US,45.8404,-119.2895,92.64,20,1,5.75,clear sky
224,Grand Gaube,MU,-20.0064,57.6608,68.4,79,43,4.0,scattered clouds
225,Laguna,US,38.421,-121.4238,105.31,21,1,1.99,clear sky
226,Half Moon Bay,US,37.4636,-122.4286,99.75,59,1,1.99,clear sky
227,Uralets,RU,57.6614,59.6497,50.56,91,89,2.77,overcast clouds
228,Antsohihy,MG,-14.8796,47.9875,66.38,69,3,7.29,clear sky
229,Dhidhdhoo,MV,6.8833,73.1,81.77,80,100,14.52,overcast clouds
230,Airai,TL,-8.9266,125.4092,60.33,34,32,3.0,scattered clouds
231,Prince Albert,CA,53.2001,-105.7677,76.95,31,20,26.46,few clouds
232,Ariquemes,BR,-9.9133,-63.0408,80.91,38,3,1.14,clear sky
233,Neftekamsk,RU,56.092,54.2703,58.06,66,73,3.8,broken clouds
234,Santa Cruz Del Norte,CU,23.1539,-81.9236,90.21,70,6,10.56,clear sky
235,Shimoda,JP,34.6667,138.95,80.8,74,1,3.76,clear sky
236,Sur,OM,22.5667,59.5289,89.6,61,44,13.89,scattered clouds
237,Lexington,US,37.9887,-84.4777,85.89,48,1,1.01,clear sky
238,Ribeira Brava,PT,32.65,-17.0667,73.71,76,3,6.96,clear sky
239,Kalaleh,IR,37.3807,55.4916,81.0,69,0,3.0,clear sky
240,Angola,AO,-12.5,18.5,49.86,33,98,3.74,overcast clouds
241,Tezu,IN,27.9167,96.1667,75.61,97,87,1.92,overcast clouds
242,Itarema,BR,-2.9248,-39.9167,79.07,78,18,15.64,few clouds
243,Tautira,PF,-17.7333,-149.15,82.42,70,2,9.93,clear sky
244,Avera,US,33.194,-82.5271,90.37,58,89,6.04,overcast clouds
245,San Quintin,MX,30.4833,-115.95,75.18,68,54,11.1,broken clouds
246,Port Macquarie,AU,-31.4333,152.9167,54.9,64,43,8.88,scattered clouds
247,Talara,PE,-4.5772,-81.2719,65.98,84,42,20.31,scattered clouds
248,Taseyevo,RU,57.2169,94.8978,61.25,76,0,5.55,clear sky
249,Mana,GF,5.6592,-53.7767,78.1,88,75,10.33,broken clouds
250,Mwanza,TZ,-2.5167,32.9,69.94,52,2,13.33,clear sky
251,Linfen,CN,36.0889,111.5189,75.67,71,37,4.23,scattered clouds
252,Shahrud,IR,36.4182,54.9763,77.67,49,0,6.85,clear sky
253,Boende,CD,-0.2167,20.8667,76.77,65,98,2.73,overcast clouds
254,San Felipe,VE,10.3399,-68.7425,75.54,94,99,3.49,overcast clouds
255,Klaksvik,FO,62.2266,-6.589,50.92,91,63,16.71,broken clouds
256,Westport,US,41.1415,-73.3579,82.17,50,1,4.0,clear sky
257,Lompoc,US,34.6391,-120.4579,92.01,63,57,13.8,broken clouds
258,Katangli,RU,51.7102,143.2326,69.21,86,100,5.59,overcast clouds
259,Ryotsu,JP,38.0833,138.4333,80.56,77,8,4.59,clear sky
260,Lewiston,US,44.1003,-70.2148,68.92,92,75,4.61,broken clouds
261,Kavaratti,IN,10.5669,72.642,81.97,83,89,20.4,overcast clouds
262,Ogaminana,NG,7.5946,6.2248,71.91,93,99,4.61,overcast clouds
263,Sosnovo-Ozerskoye,RU,52.5249,111.5418,55.08,76,74,6.38,broken clouds
264,Codrington,AU,-38.2667,141.9667,47.52,91,100,15.35,light rain
265,Praia Da Vitoria,PT,38.7333,-27.0667,73.65,88,75,12.97,broken clouds
266,Esna,EG,25.2934,32.554,87.82,24,0,7.02,clear sky
267,Rio Grande,BR,-32.035,-52.0986,57.31,82,2,7.23,light rain
268,Marsh Harbour,BS,26.5412,-77.0636,82.13,72,100,1.52,overcast clouds
269,Otane,NZ,-39.8833,176.6333,52.39,74,4,4.56,clear sky
270,Bathsheba,BB,13.2167,-59.5167,83.01,78,20,11.5,few clouds
271,Yilan,TW,24.757,121.753,82.81,99,100,16.98,moderate rain
272,Salme,NP,28.0369,85.0942,66.49,90,84,1.48,broken clouds
273,Kandrian,PG,-6.2167,149.55,79.88,87,100,7.78,moderate rain
274,Pinega,RU,64.7001,43.3936,41.02,92,42,7.99,scattered clouds
275,Cayenne,GF,4.9333,-52.3333,82.09,82,0,5.01,clear sky
276,Statesboro,US,32.4488,-81.7832,89.74,62,40,0.0,scattered clouds
277,Karpathos,GR,35.507,27.2132,77.29,69,0,20.04,clear sky
278,Port Said,EG,31.2565,32.2841,80.58,65,20,13.8,few clouds
279,Tubajon,PH,10.3317,125.5619,83.23,72,95,19.13,overcast clouds
280,Beinamar,TD,8.6698,15.3813,70.02,94,38,4.52,scattered clouds
281,Black River,JM,18.0264,-77.8487,87.8,66,83,4.83,broken clouds
282,Owando,CG,-0.4819,15.8999,74.21,67,89,2.95,overcast clouds
283,Manavalakurichi,IN,8.1333,77.3,77.09,83,100,15.5,heavy intensity rain
284,Faanui,PF,-16.4833,-151.75,78.22,67,10,13.87,clear sky
285,Sao Felix Do Xingu,BR,-6.6447,-51.995,77.27,43,11,1.59,few clouds
286,Leh,IN,34.1667,77.5833,62.94,56,20,3.85,few clouds
287,Kyritz,DE,52.9421,12.397,60.94,87,0,3.11,clear sky
288,Bow Island,CA,49.8668,-111.3684,84.22,14,14,8.05,few clouds
289,Chapais,CA,49.7834,-74.8492,76.78,37,66,5.99,broken clouds
290,Chalons-En-Champagne,FR,48.9539,4.3672,73.98,81,99,10.02,overcast clouds
291,Sibu,MY,2.3,111.8167,77.31,94,20,0.0,few clouds
292,Carbonia,IT,39.1672,8.5222,77.95,48,0,5.01,clear sky
293,Banyumas,ID,-7.5142,109.2942,72.72,93,49,3.22,scattered clouds
294,Port Lincoln,AU,-34.7333,135.8667,53.31,65,41,24.58,light rain
295,Yoichi,JP,43.2039,140.7703,79.77,76,22,3.0,few clouds
296,Mapiri,BO,-15.25,-68.1667,71.44,73,58,1.36,broken clouds
297,Kozhevnikovo,RU,56.2589,83.9714,55.26,79,100,6.46,overcast clouds
298,Khatanga,RU,71.9667,102.5,53.73,71,33,5.32,scattered clouds
299,Belgrade,RS,44.804,20.4651,71.26,73,0,2.3,clear sky
300,Rio Cuarto,AR,-33.1307,-64.3499,64.17,42,0,4.61,clear sky
301,Tilichiki,RU,60.4667,166.1,56.05,77,97,4.05,overcast clouds
302,Kodinsk,RU,58.6881,99.1844,64.22,70,13,2.21,few clouds
303,Pyay,MM,18.8167,95.2167,75.87,97,67,4.9,broken clouds
304,Presidente Epitacio,BR,-21.7633,-52.1156,71.87,32,0,5.37,clear sky
305,Vargashi,RU,55.3556,65.8467,62.35,94,99,4.94,overcast clouds
306,Hami,CN,42.8,93.45,84.65,45,98,15.17,overcast clouds
307,Funtua,NG,11.5233,7.3081,69.31,94,97,8.79,overcast clouds
308,Aksarka,RU,66.5606,67.7975,45.9,86,38,8.46,scattered clouds
309,Mar Del Plata,AR,-38.0023,-57.5575,55.42,55,0,3.0,clear sky
310,Tugolesskiy Bor,RU,55.5505,39.8242,55.36,90,59,5.08,broken clouds
311,Leningradskiy,RU,69.3833,178.4167,42.71,74,43,10.2,scattered clouds
312,Texarkana,US,33.4251,-94.0477,93.42,52,20,10.36,few clouds
313,Gorontalo,ID,0.5412,123.0595,76.87,82,89,3.27,overcast clouds
314,Xuanhua,CN,40.6103,115.0447,73.13,82,43,4.05,scattered clouds
315,Lokosovo,RU,61.1333,74.8167,60.82,96,81,5.3,light rain
316,Dzerzhinskoye,RU,56.8344,95.2283,60.03,80,0,5.88,clear sky
317,Walvis Bay,NA,-22.9575,14.5053,68.95,10,0,17.27,clear sky
318,Hovd,MN,48.0056,91.6419,67.15,54,18,3.69,few clouds
319,Luz,BR,-19.8014,-45.6856,62.47,45,0,4.83,clear sky
320,Gwadar,PK,25.1216,62.3254,82.06,88,88,6.2,overcast clouds
321,Khani,GE,41.9563,42.9566,60.37,95,87,1.3,overcast clouds
322,Sedro-Woolley,US,48.5039,-122.2361,82.62,47,1,1.99,clear sky
323,Santiago Del Estero,AR,-27.7951,-64.2615,69.8,36,0,4.18,clear sky
324,Tuatapere,NZ,-46.1333,167.6833,48.81,75,55,5.64,broken clouds
325,Norman Wells,CA,65.282,-126.8329,59.04,77,90,10.36,overcast clouds
326,Lata,PT,40.1629,-8.3327,62.06,98,37,2.3,scattered clouds
327,Teruel,ES,40.6667,-0.6667,72.88,26,16,7.74,few clouds
328,Shwebo,MM,22.5667,95.7,77.56,89,87,7.45,overcast clouds
329,Lagoa,PT,39.05,-27.9833,70.09,96,100,13.71,overcast clouds
330,Santa Rosa Del Sur,CO,7.9644,-74.0544,76.73,85,100,1.34,overcast clouds
331,Kargasok,RU,59.0556,80.8572,61.39,70,1,6.29,clear sky
332,La Ronge,CA,55.1001,-105.2842,66.45,59,90,16.11,overcast clouds
333,Port Blair,IN,11.6667,92.75,81.41,83,100,19.6,light rain
334,Beyneu,KZ,45.3167,55.2,84.79,36,84,6.8,broken clouds
335,Bam,IR,29.106,58.357,90.72,13,5,4.7,clear sky
336,Mount Isa,AU,-20.7333,139.5,60.57,41,24,6.91,few clouds
337,Lasa,IT,46.6166,10.7002,67.08,78,24,2.68,few clouds
338,Gogrial,SS,8.5332,28.1004,75.45,73,79,4.54,broken clouds
339,Kayes,ML,14.0,-11.0,79.88,73,75,10.8,broken clouds
340,Souillac,MU,-20.5167,57.5167,68.38,83,40,3.44,scattered clouds
341,Saint George,US,37.1041,-113.5841,102.67,25,1,8.99,clear sky
342,Sao Filipe,CV,14.8961,-24.4956,73.62,76,26,9.13,scattered clouds
343,Manavgat,TR,36.7867,31.4431,86.5,54,3,6.35,clear sky
344,Padang,ID,-0.9492,100.3543,77.09,81,100,3.47,overcast clouds
345,Salalah,OM,17.0151,54.0924,77.09,100,90,5.75,drizzle
346,Nadym,RU,65.5333,72.5167,50.16,91,100,11.25,overcast clouds
347,Aklavik,CA,68.2191,-135.0107,65.23,67,75,3.44,shower rain
348,Balkanabat,TM,39.5108,54.3671,89.04,30,0,2.42,clear sky
349,Rio Tercero,AR,-32.173,-64.1141,65.8,38,76,4.76,broken clouds
350,Sisimiut,GL,66.9395,-53.6735,42.49,93,100,6.71,moderate rain
351,Quatre Cocos,MU,-20.2078,57.7625,68.11,76,51,11.16,broken clouds
352,Jinchang,CN,38.4953,102.1739,78.01,46,0,2.01,clear sky
353,Naples,IT,40.8333,14.25,79.14,79,0,3.44,clear sky
354,Masallatah,LY,32.6167,14.0,73.33,78,0,3.13,clear sky
355,Kutum,SD,14.2,24.6667,73.44,67,60,13.8,broken clouds
356,Arya,PK,33.6,73.0667,84.24,77,1,1.99,clear sky
357,Khorinsk,RU,52.1657,109.7726,59.79,72,14,5.19,few clouds
358,Riberalta,BO,-10.9833,-66.1,88.0,51,1,0.0,clear sky
359,Angoche,MZ,-16.2325,39.9086,73.49,60,50,19.01,scattered clouds
360,Lugovoy,KZ,42.9472,72.7644,73.27,37,0,4.12,clear sky
361,Berlevag,NO,70.8578,29.0864,44.92,87,100,34.78,overcast clouds
362,Pisco,PE,-13.7,-76.2167,62.65,77,75,18.41,broken clouds
363,Niimi,JP,34.9833,133.4667,76.35,73,100,2.89,overcast clouds
364,San Juan,AR,-31.5375,-68.5364,61.3,24,73,14.23,broken clouds
365,Erenhot,CN,43.6475,111.9767,79.3,47,98,4.56,overcast clouds
366,Hirara,JP,24.8,125.2833,84.47,94,75,41.43,light intensity shower rain
367,Meulaboh,ID,4.1363,96.1285,76.53,88,100,4.16,overcast clouds
368,Poum,NC,-20.2333,164.0167,73.44,73,6,4.32,clear sky
369,Vilhena,BR,-12.7406,-60.1458,80.82,41,0,5.75,clear sky
370,Eureka,US,40.8021,-124.1637,74.12,64,17,5.99,few clouds
371,Sudak,UA,44.85,34.9667,72.59,55,25,6.6,scattered clouds
372,Lodja,CD,-3.4833,23.4333,73.33,38,69,2.3,broken clouds
373,Carutapera,BR,-1.195,-46.02,75.25,91,19,6.8,few clouds
374,Tokur,RU,53.1333,132.9,70.0,85,98,4.59,overcast clouds
375,Smidovich,RU,48.6,133.8167,82.54,69,26,6.8,scattered clouds
376,Zaliztsi,UA,49.7919,25.373,60.6,68,54,3.38,broken clouds
377,Cap Malheureux,MU,-19.9842,57.6142,68.49,79,45,4.0,scattered clouds
378,Zhanakorgan,KZ,43.9098,67.2495,79.93,30,0,3.53,clear sky
379,Namatanai,PG,-3.6667,152.4333,82.74,73,43,7.76,scattered clouds
380,Nieuw Amsterdam,SR,5.8833,-55.0833,79.14,89,20,4.61,few clouds
381,Ancud,CL,-41.8697,-73.8203,46.22,81,83,9.13,broken clouds
382,Soverato,IT,38.685,16.5499,75.15,74,0,9.51,clear sky
383,Surt,LY,31.2089,16.5887,79.11,69,0,4.72,clear sky
384,Codajas,BR,-3.8367,-62.0569,77.18,81,85,1.05,overcast clouds
385,Hvolsvollur,IS,63.7533,-20.2243,53.82,96,100,11.16,overcast clouds
386,Gamba,GA,-2.65,10.0,70.93,83,50,3.91,scattered clouds
387,Pabrade,LT,55.0,25.7833,66.63,95,55,3.91,broken clouds
388,Esperance,AU,-33.8667,121.9,46.24,77,75,23.98,light rain
389,Tharad,IN,24.3961,71.6267,82.11,78,100,9.19,overcast clouds
390,Tabou,CI,4.423,-7.3528,76.62,70,84,7.16,broken clouds
391,Misratah,LY,32.3754,15.0925,79.36,75,0,9.37,clear sky
392,Canutama,BR,-6.5339,-64.3831,82.24,45,65,1.68,broken clouds
393,Marau,BR,-28.4492,-52.2,56.79,62,0,3.36,clear sky
394,Orikum,AL,40.3253,19.4714,74.41,61,0,7.58,clear sky
395,Mudanya,TR,40.3753,28.8822,73.49,75,1,8.77,clear sky
396,Bollnas,SE,61.3482,16.3946,53.38,78,1,3.56,clear sky
397,Sawai Madhopur,IN,25.9833,76.3667,78.75,86,92,3.49,light rain
398,Karpogory,RU,64.0019,44.4451,38.07,86,9,5.28,clear sky
399,Broken Hill,AU,-31.95,141.4333,46.11,87,75,11.5,broken clouds
400,Kingaroy,AU,-26.5333,151.8333,58.03,100,19,5.75,few clouds
401,Collie,AU,-33.3667,116.15,45.99,76,75,5.59,broken clouds
402,Grindavik,IS,63.8424,-22.4338,55.35,100,90,14.97,mist
403,Yulara,AU,-25.2406,130.9889,35.44,69,8,0.0,clear sky
404,Praia,CV,14.9215,-23.5087,75.74,69,75,12.66,broken clouds
405,Ayan,RU,56.45,138.1667,58.42,95,100,12.82,overcast clouds
406,Rudbar,AF,30.15,62.6,89.02,15,5,5.7,clear sky
407,Thoen,TH,17.6129,99.2161,74.86,95,100,2.71,overcast clouds
408,Ouesso,CG,1.6136,16.0517,71.13,89,93,2.62,overcast clouds
409,Garden City,US,42.3256,-83.331,77.31,77,75,8.05,broken clouds
410,Piacabucu,BR,-10.4056,-36.4344,73.53,81,9,8.66,clear sky
411,Kaitangata,NZ,-46.2817,169.8464,45.93,69,33,2.77,scattered clouds
412,Road Town,VG,18.4167,-64.6167,84.29,83,20,9.22,few clouds
413,Henties Bay,NA,-22.116,14.2845,63.68,39,0,5.28,clear sky
414,Lisakovsk,KZ,52.5369,62.4936,68.38,88,100,7.99,light rain
415,Nizwa,OM,22.9333,57.5333,87.06,40,76,3.49,broken clouds
416,Caravelas,BR,-17.7125,-39.2481,68.63,84,100,7.47,overcast clouds
417,Qarqin,AF,37.4185,66.0436,87.53,13,1,3.91,clear sky
418,Najran,SA,17.4924,44.1277,75.85,50,100,1.72,overcast clouds
419,Tyler,US,32.3513,-95.3011,92.62,61,75,4.0,broken clouds
420,Ola,RU,59.5833,151.2833,54.12,87,100,2.06,overcast clouds
421,Weligama,LK,5.9667,80.4167,77.13,88,93,10.11,overcast clouds
422,Jiuquan,CN,39.7432,98.5174,81.27,33,5,7.43,clear sky
423,Ihosy,MG,-22.4,46.1167,56.53,92,43,5.86,scattered clouds
424,Shenandoah,US,30.4013,-91.0009,94.89,69,97,3.98,overcast clouds
425,Raudeberg,NO,61.9875,5.1352,59.67,85,65,8.77,broken clouds
426,Kuusamo,FI,65.9667,29.1833,46.44,81,0,4.61,clear sky
427,Ixtapa,MX,20.7,-105.2,89.22,70,75,10.36,broken clouds
428,San Patricio,US,28.017,-97.5169,94.53,53,0,17.76,clear sky
429,Waipawa,NZ,-41.4122,175.5153,50.04,69,0,3.91,clear sky
430,Nybro,SE,56.7446,15.9071,66.04,98,56,4.0,broken clouds
431,Khilok,RU,51.3674,110.4676,56.16,89,22,6.22,few clouds
432,Gayny,RU,60.3071,54.3241,54.86,72,50,7.29,scattered clouds
433,Labuhan,ID,-6.8844,112.2051,75.29,80,14,8.16,few clouds
434,Gaoua,BF,10.2992,-3.2508,75.9,77,93,7.05,overcast clouds
435,Touros,BR,-5.1989,-35.4608,76.1,81,5,16.55,clear sky
436,Flin Flon,CA,54.7682,-101.865,69.64,46,75,12.66,smoke
437,Bonthe,SL,7.5264,-12.505,74.73,95,100,13.4,heavy intensity rain
438,Oban,GB,56.4127,-5.4706,65.26,88,99,2.53,overcast clouds
439,Egvekinot,RU,66.3167,-179.1667,49.82,77,82,5.68,broken clouds
440,North Bend,US,43.4065,-124.2243,83.25,64,1,27.63,clear sky
441,Salinas,US,36.6777,-121.6555,96.42,62,1,14.97,clear sky
442,Itamaraca,BR,-7.7478,-34.8256,75.88,80,23,13.0,few clouds
443,Wamba,NG,8.9333,8.6,70.86,95,100,3.53,overcast clouds
444,Kieta,PG,-6.2167,155.6333,83.93,69,49,4.21,light rain
445,Kangasala,FI,61.4638,24.076,50.86,66,15,5.06,few clouds
446,Mogadishu,SO,2.0371,45.3438,76.55,82,14,24.72,few clouds
447,Donskoye,RU,45.4552,41.9741,66.33,84,78,5.66,broken clouds
448,Imst,AT,47.2684,10.6698,54.57,54,47,5.75,scattered clouds
449,Brun,AM,39.5349,46.3073,60.44,76,51,0.13,broken clouds
450,Geraldton,AU,-28.7667,114.6,54.12,94,75,5.75,broken clouds
451,Bima,ID,-8.4667,118.7167,71.28,91,3,3.6,clear sky
452,Xihe,CN,31.6864,113.4659,77.63,92,97,5.44,overcast clouds
453,Sola,VU,-13.8833,167.55,80.13,80,79,17.52,broken clouds
454,Srednekolymsk,RU,67.45,153.6833,61.79,51,76,6.29,broken clouds
455,Zaykovo,RU,57.5613,62.7568,57.11,88,100,1.19,overcast clouds
456,Belle Fourche,US,44.6714,-103.8522,92.08,29,65,14.61,broken clouds
457,Nara,JP,34.6851,135.8049,85.24,94,58,2.89,broken clouds
458,Asfi,MA,32.2994,-9.2372,71.64,75,81,25.61,broken clouds
459,Samarai,PG,-10.6167,150.6667,80.31,85,71,9.06,broken clouds
460,Vanavara,RU,60.34,102.2797,64.47,69,4,2.13,clear sky
461,Labuan,MY,5.2767,115.2417,79.16,94,20,1.99,few clouds
462,Pucallpa,PE,-8.3791,-74.5539,87.84,48,20,9.22,few clouds
463,San Policarpo,PH,12.1791,125.5072,82.56,70,100,12.95,light rain
464,Pangnirtung,CA,66.1451,-65.7125,48.36,65,94,6.15,overcast clouds
465,Menongue,AO,-14.6585,17.691,46.65,29,34,4.68,scattered clouds
466,Grand Forks,US,47.9417,-97.4337,94.93,37,75,9.22,broken clouds
467,Kuroiso,JP,36.9667,140.05,80.85,90,71,2.13,broken clouds
468,Kandalaksha,RU,67.162,32.4123,49.14,74,100,14.43,overcast clouds
469,Mount Gambier,AU,-37.8333,140.7667,46.31,100,90,13.8,overcast clouds
470,Vila Velha,BR,-20.3297,-40.2925,69.75,64,0,3.44,clear sky
471,Banes,CU,20.9625,-75.7186,90.21,80,56,13.13,broken clouds
472,Fukue,JP,32.6881,128.8419,79.97,79,100,13.94,overcast clouds
473,Xiaolingwei,CN,32.0333,118.85,80.85,89,38,10.02,light rain
474,Mandalgovi,MN,45.7625,106.2708,66.7,45,80,3.29,broken clouds
475,Komsomolskiy,UZ,40.4272,71.7189,77.72,47,0,4.61,clear sky
476,Zhigansk,RU,66.7697,123.3711,68.92,47,3,8.28,clear sky
477,Pevek,RU,69.7008,170.3133,38.66,96,100,2.33,light rain
478,Karasuk,RU,53.7377,78.0403,65.77,74,67,5.35,broken clouds
479,Yerbogachen,RU,61.2767,108.0108,66.06,61,33,3.42,scattered clouds
480,Faya,SA,18.3851,42.4509,62.71,63,95,6.42,overcast clouds
481,Naze,JP,28.3667,129.4833,79.72,89,97,28.34,light rain
482,Sovetskiy,RU,61.3614,63.5842,49.17,96,46,4.76,scattered clouds
483,Te Anau,NZ,-45.4167,167.7167,44.28,86,41,1.34,scattered clouds
484,Jeremie,HT,18.65,-74.1167,83.62,76,25,5.82,scattered clouds
485,Udachnyy,RU,66.4167,112.4,62.01,77,39,15.43,scattered clouds
486,Alyangula,AU,-13.8483,136.4192,73.27,94,40,2.3,scattered clouds
487,Yar-Sale,RU,66.8333,70.8333,48.2,92,90,12.68,overcast clouds
488,Balikpapan,ID,-1.2675,116.8289,77.99,100,40,6.91,mist
489,Ust-Kuyga,RU,70.0167,135.6,61.77,51,97,4.56,overcast clouds
490,Krasni Okny,UA,47.5404,29.46,62.35,72,1,3.76,clear sky
491,Tabas,IR,33.5959,56.9244,91.74,14,0,4.83,clear sky
492,Atambua,ID,-9.1061,124.8925,70.11,53,27,3.53,scattered clouds
493,Mariakani,KE,-3.8633,39.4736,73.49,82,10,13.35,clear sky
494,Iskateley,RU,67.6803,53.1512,44.35,82,99,3.27,overcast clouds
495,Wanning,CN,18.8003,110.3967,78.58,88,71,5.35,broken clouds
496,Kalmar,SE,56.6616,16.3616,66.96,89,40,3.44,scattered clouds
497,Cao Bang,VN,22.6667,106.25,75.72,94,14,3.22,few clouds
498,San Nicolas,PH,18.1725,120.5953,76.91,100,90,8.05,light rain
499,Morant Bay,JM,17.8815,-76.4093,85.66,76,33,9.78,scattered clouds
500,Erdenet,MN,49.0333,104.0833,57.2,87,63,2.8,broken clouds
501,Bayir,TR,37.2687,28.2167,75.72,50,0,5.48,clear sky
502,Doha,QA,25.2867,51.5333,95.31,75,0,3.44,clear sky
503,Zarubino,RU,42.63,131.0922,77.4,84,90,3.44,overcast clouds
504,Noumea,NC,-22.2763,166.4572,73.0,99,8,2.66,clear sky
505,Okato,NZ,-39.2,173.8833,51.42,72,1,3.15,clear sky
506,Holalkere,IN,14.0333,76.1833,69.12,93,100,14.72,overcast clouds
507,Sao Joao Da Barra,BR,-21.6403,-41.0511,68.11,67,0,9.75,clear sky
508,Pemangkat,ID,1.1667,108.9667,78.1,86,95,7.76,overcast clouds
509,Tongliao,CN,43.6125,122.2653,79.41,62,47,15.14,scattered clouds
510,Bubaque,GW,11.2833,-15.8333,79.41,79,100,14.07,overcast clouds
511,Teya,RU,60.3778,92.6267,62.8,76,4,1.72,clear sky
512,Victoria Point,AU,-27.5833,153.3,62.94,97,16,3.0,few clouds
513,Nyuksenitsa,RU,60.4128,44.2397,43.32,94,99,6.29,overcast clouds
514,Ambovombe,MG,-25.1667,46.0833,64.74,60,99,9.26,overcast clouds
515,Birin,NP,26.8865,88.0718,63.97,92,60,5.41,broken clouds
516,Nuevo Progreso,MX,23.1667,-97.95,92.59,62,30,3.0,scattered clouds
517,Kamenka,RU,51.3223,42.7678,58.75,65,0,6.29,clear sky
518,Sinnamary,GF,5.3833,-52.95,79.5,85,88,11.86,overcast clouds
519,Arman,RU,59.7,150.1667,56.71,90,96,2.17,overcast clouds
520,Mukdahan,TH,16.5833,104.5,73.56,95,100,22.66,light rain
521,Yuancheng,CN,36.652,107.7896,66.69,87,94,11.79,overcast clouds
522,Nyimba,ZM,-14.5566,30.8149,65.97,62,73,9.17,broken clouds
523,Manuk Mangkaw,PH,4.8,119.85,84.15,77,94,15.19,overcast clouds
524,Gat,IL,31.61,34.7642,79.48,100,55,9.4,broken clouds
525,Newcastle,AU,-32.9272,151.7765,58.91,78,68,5.99,broken clouds
526,Vila Franca Do Campo,PT,37.7167,-25.4333,70.21,88,93,5.08,overcast clouds
527,Nakamura,JP,32.9833,132.9333,77.25,91,100,6.55,overcast clouds
528,Ust-Uda,RU,54.1742,103.0304,58.73,84,29,2.71,scattered clouds
529,Uige,AO,-7.6087,15.0613,61.83,65,8,1.14,clear sky
530,Treinta Y Tres,UY,-33.2333,-54.3833,61.32,82,4,3.65,clear sky
531,Abu Dhabi,AE,24.4667,54.3667,102.31,29,0,14.97,dust
532,Estelle,US,29.8458,-90.1067,95.0,55,75,6.91,broken clouds
533,Korla,CN,41.7597,86.1469,82.26,34,23,1.81,few clouds
534,Lavrentiya,RU,65.5833,-171.0,51.46,68,62,9.86,broken clouds
535,Yamada,JP,39.4667,141.95,78.03,80,38,4.09,scattered clouds
536,Grants Pass,US,42.439,-123.3284,96.46,17,1,5.99,clear sky
537,Goderich,CA,43.7501,-81.7165,79.21,60,48,6.91,scattered clouds
538,Waitati,NZ,-45.75,170.5667,53.8,59,28,4.16,scattered clouds
539,Lac Du Bonnet,CA,50.2536,-96.0612,89.58,28,69,11.07,broken clouds
540,Hofn,IS,64.2539,-15.2082,53.44,98,100,5.61,overcast clouds
541,Ulaanbaatar,MN,47.9077,106.8832,53.73,82,0,2.24,clear sky
542,Barcelona,ES,41.3888,2.159,80.98,69,0,1.01,clear sky
543,Jatai,BR,-17.8814,-51.7144,69.98,39,0,6.4,clear sky
544,Burriana,ES,39.889,-0.085,79.7,80,32,3.83,scattered clouds
545,Harper,LR,4.375,-7.7169,75.22,75,84,7.52,broken clouds
546,Qandala,SO,11.472,49.8728,91.29,48,51,13.42,broken clouds
547,Parrita,CR,9.5201,-84.3225,82.98,87,98,1.81,overcast clouds
548,Moroni,KM,-11.7022,43.2551,75.27,77,10,15.08,clear sky
549,Oksfjord,NO,70.2396,22.3479,48.27,92,100,15.7,overcast clouds
550,Verkhoyansk,RU,67.5447,133.385,70.74,39,95,3.44,overcast clouds
551,Yerofey Pavlovich,RU,53.9667,121.9667,65.66,90,77,3.0,broken clouds
552,Nelson Bay,AU,-32.7167,152.15,57.99,83,53,1.01,broken clouds
553,Hobyo,SO,5.3505,48.5268,76.75,83,50,30.15,scattered clouds
554,Pitelino,RU,54.5777,41.8145,54.18,88,10,7.02,clear sky
555,Tarakan,ID,3.3,117.6333,79.27,79,93,10.94,moderate rain
556,South Lake Tahoe,US,38.9332,-119.9844,91.63,26,1,10.36,clear sky
557,Santa Cruz,BO,-17.8,-63.1667,82.45,44,0,13.8,clear sky
558,Saint Anthony,US,45.0205,-93.218,91.54,55,1,1.99,clear sky
559,Sabya,SA,17.1495,42.6254,83.82,72,100,8.21,overcast clouds
560,Barcelos,PT,41.5388,-8.6151,64.85,95,18,0.89,few clouds
561,Frontino,CO,6.7801,-76.1288,67.24,98,96,2.21,overcast clouds
562,Abadiania,BR,-16.2042,-48.7069,67.12,52,68,4.94,broken clouds
563,Champerico,GT,14.3,-91.9167,91.94,74,34,8.95,scattered clouds
564,Batagay-Alyta,RU,67.8006,130.4114,64.67,60,38,1.66,scattered clouds
565,Terenos,BR,-20.4422,-54.8603,78.51,36,0,8.05,clear sky
566,Issia,CI,6.4922,-6.5856,70.61,96,99,3.33,overcast clouds
567,Svetlaya,RU,46.5389,138.3297,74.7,82,77,2.51,broken clouds
568,Prince Rupert,CA,54.3161,-130.3201,59.09,88,90,10.36,moderate rain
569,Malindi,KE,-3.2175,40.1191,75.94,81,9,21.21,clear sky
570,Newport,GB,51.5877,-2.9984,68.83,76,100,17.98,overcast clouds
571,Emerald,AU,-23.5333,148.1667,62.35,51,3,5.75,clear sky
572,Asau,RO,46.4333,26.4,63.75,92,30,2.73,scattered clouds
573,Puerto El Triunfo,SV,13.2833,-88.55,99.46,61,59,10.09,broken clouds
574,Nizhniy Mamon,RU,50.1937,40.5083,60.4,64,0,4.7,clear sky
575,Semporna,MY,4.4818,118.6112,77.2,82,97,6.89,overcast clouds
576,Doka,SD,13.5167,35.7667,72.54,89,97,7.25,overcast clouds
577,Na Wa,TH,17.4897,104.1006,78.21,95,100,21.61,overcast clouds
578,Magadan,RU,59.5667,150.8,54.9,87,99,1.74,overcast clouds
579,Ravar,IR,31.2656,56.8055,86.22,16,0,1.92,clear sky
580,Shingu,JP,33.7333,135.9833,79.92,73,80,5.44,broken clouds
581,Redcar,GB,54.6166,-1.06,62.92,70,47,5.1,scattered clouds
582,Dagda,LV,56.0951,27.5372,51.69,88,1,4.16,clear sky
583,Tecoanapa,MX,16.5167,-98.75,86.9,68,83,11.12,broken clouds
584,Kununurra,AU,-15.7667,128.7333,58.98,94,61,0.0,broken clouds
585,Ambon,ID,-3.6954,128.1814,77.14,94,40,2.3,light rain
586,Vestmannaeyjar,IS,63.4427,-20.2734,53.29,99,100,16.49,moderate rain
587,Kotaparh,IN,19.15,82.35,72.37,93,97,11.41,light rain
588,Santarem,BR,-2.4431,-54.7083,82.53,83,0,5.75,clear sky
589,Paraiso,CR,9.8383,-83.8656,67.87,85,100,3.13,overcast clouds
590,Mezhova,UA,48.2532,36.7347,59.22,65,0,6.31,clear sky
591,Entebbe,UG,0.0644,32.4469,71.92,83,75,3.44,broken clouds
592,Yeppoon,AU,-23.1333,150.7333,67.78,73,13,9.44,few clouds
593,Petatlan,MX,17.5167,-101.2667,84.88,78,94,3.0,overcast clouds
594,Bhalwal,PK,32.272,72.9043,90.9,51,20,3.74,few clouds
595,Karatau,KZ,43.1667,70.4667,73.2,33,0,0.47,clear sky
596,Finschhafen,PG,-6.6024,147.8681,79.2,88,100,9.75,overcast clouds
597,Swan Hill,AU,-35.3378,143.5544,47.64,83,58,15.19,broken clouds
598,Prieska,ZA,-29.6641,22.7474,33.71,59,0,6.8,clear sky
599,Lazaro Cardenas,MX,17.9583,-102.2,86.32,74,90,9.44,overcast clouds
600,Ondjiva,AO,-17.0667,15.7333,50.41,17,0,7.81,clear sky
601,Miajadas,ES,39.1513,-5.9084,73.78,44,0,5.88,clear sky
602,Blythe,US,33.6103,-114.5964,108.05,20,20,14.97,few clouds
603,Blacksburg,US,37.2296,-80.4139,84.36,49,1,0.0,clear sky
604,Ohafia,NG,5.6167,7.8333,70.29,97,100,2.28,overcast clouds
605,Buala,SB,-8.145,159.5921,83.89,74,91,6.73,overcast clouds
606,Vallenar,CL,-28.5708,-70.7581,59.76,57,65,3.09,broken clouds
607,Rawah,IQ,34.4816,41.9093,89.56,33,0,9.73,clear sky
608,Tashtagol,RU,52.7657,87.8894,59.88,98,100,1.54,overcast clouds
609,Elban,RU,50.1018,136.5094,82.4,67,60,6.38,broken clouds
610,Kamaishi,JP,39.2667,141.8833,77.79,81,35,5.41,scattered clouds
611,Zyryanka,RU,65.75,150.85,66.76,48,50,1.81,scattered clouds
612,Penalva,BR,-3.2942,-45.1736,76.33,64,17,1.97,few clouds
613,Gravdal,NO,68.1214,13.5031,51.75,95,100,10.38,overcast clouds
614,Chabahar,IR,25.2919,60.643,84.34,84,15,9.17,few clouds
615,Severobaykalsk,RU,55.65,109.3167,55.83,85,91,3.49,overcast clouds
616,Razdolinsk,RU,58.4211,94.6658,60.24,71,5,4.81,clear sky
617,Nioro,GM,13.35,-15.75,75.7,72,37,8.72,scattered clouds
618,Joplin,US,37.0842,-94.5133,91.18,58,75,5.99,broken clouds
619,Donegal,IE,54.65,-8.1167,66.24,92,92,3.85,overcast clouds
620,Araouane,ML,18.9048,-3.5265,89.51,39,43,9.44,scattered clouds
621,Lloydminster,CA,53.2835,-110.0016,74.88,35,20,20.71,few clouds
622,Baghdad,IQ,33.3406,44.4009,96.71,26,0,13.8,clear sky
623,Chara,RU,56.9064,118.2631,61.84,77,98,1.88,overcast clouds
624,Salinopolis,BR,-0.6136,-47.3561,77.65,86,43,11.18,light rain
625,Dali,CN,25.7,100.1833,63.0,91,89,2.28,overcast clouds
626,Porto Torres,IT,40.835,8.3972,71.78,49,0,5.01,clear sky
627,Spring Valley,US,36.108,-115.245,105.89,23,75,5.01,broken clouds
628,Bushehr,IR,28.9684,50.8385,93.74,64,5,5.17,clear sky
629,Aljezur,PT,37.3191,-8.8033,62.65,92,0,12.41,clear sky
630,Minot,US,48.2325,-101.2963,88.12,35,1,8.99,clear sky
631,Comodoro Rivadavia,AR,-45.8667,-67.5,49.86,46,0,5.75,clear sky
632,Antofagasta,CL,-23.65,-70.4,56.48,78,92,4.54,overcast clouds
633,Marawi,PH,7.9986,124.2928,70.65,77,77,5.93,broken clouds
634,Sindou,BF,10.6667,-5.1667,73.89,87,85,8.3,light rain
635,Nome,US,64.5011,-165.4064,53.17,76,90,14.97,overcast clouds
636,Sokoni,TZ,-6.4333,39.55,76.73,74,5,20.36,clear sky
637,Emba,KZ,48.8264,58.1442,74.98,60,100,10.98,overcast clouds
638,Sundumbili,ZA,-29.1337,31.3975,46.71,56,37,11.07,scattered clouds
639,Umm Kaddadah,SD,13.6017,26.6876,87.26,44,75,12.77,broken clouds
640,Kandi,BJ,11.1342,2.9386,73.08,94,100,3.91,light rain
641,Mitsamiouli,KM,-11.3847,43.2844,77.11,70,19,13.89,few clouds
642,Xingyi,CN,24.1877,102.817,61.56,97,99,2.21,overcast clouds
643,Quimperle,FR,47.8667,-3.55,65.98,82,75,18.41,broken clouds
644,Chernyshevskiy,RU,63.0128,112.4714,64.96,59,12,3.2,few clouds
645,Kavali,IN,14.9167,79.9833,80.51,70,100,19.75,overcast clouds
646,Tambun,ID,-6.2641,107.0712,79.47,94,20,3.44,mist
647,Hanna,CA,51.6334,-111.9018,81.91,20,10,7.0,clear sky
648,Port Hardy,CA,50.6996,-127.4199,60.98,88,90,6.91,overcast clouds
649,High Rock,BS,26.6208,-78.2833,86.02,71,100,8.75,overcast clouds
650,Ayagoz,KZ,47.9714,80.4392,64.53,59,58,6.11,broken clouds
651,Palmer,US,42.1584,-72.3287,77.41,73,67,3.0,broken clouds
652,Sokol,RU,59.4617,40.1206,44.24,91,93,5.39,overcast clouds
653,Timizart,DZ,36.8,4.2667,83.5,33,0,6.24,clear sky
654,Plainview,US,40.7765,-73.4673,81.91,52,1,1.01,clear sky
655,Parry Sound,CA,45.3501,-80.033,77.86,49,4,4.0,clear sky
656,Gao,ML,16.6362,1.637,90.84,44,40,5.73,scattered clouds
657,Barberino Di Mugello,IT,44.0027,11.2371,74.55,79,99,1.28,overcast clouds
658,Itambacuri,BR,-18.0311,-41.685,61.66,76,71,3.91,broken clouds
659,Kungurtug,RU,50.5994,97.5228,59.36,91,95,2.21,overcast clouds
660,Coron,PH,11.9986,120.2043,80.53,86,100,17.02,very heavy rain
661,Kapit,MY,2.0167,112.9333,74.52,95,97,1.19,overcast clouds
662,Parabel,RU,58.6978,81.4825,60.4,74,2,5.21,clear sky
663,Coihaique,CL,-45.5752,-72.0662,41.61,75,75,5.75,broken clouds
664,Lakes Entrance,AU,-37.8811,147.981,50.36,73,99,7.09,overcast clouds
665,Cheyenne,US,41.14,-104.8203,78.94,43,40,8.05,scattered clouds
666,Imeni Babushkina,RU,59.7573,43.1285,43.72,96,87,4.52,overcast clouds
667,Rantepao,ID,-2.9701,119.8978,67.33,95,100,1.52,overcast clouds
668,Zelenogorskiy,RU,55.0333,87.0,66.72,80,100,1.61,overcast clouds
669,Belleville,CA,44.1788,-77.3705,76.51,52,20,1.01,few clouds
670,Okha,RU,53.5739,142.9478,61.83,93,99,11.07,overcast clouds
671,Lewistown,US,40.5992,-77.5714,81.34,72,82,2.86,broken clouds
672,Bekhteyevka,RU,50.8072,37.2085,63.5,73,8,6.53,clear sky
673,Campo Gobierno,MX,24.6536,-107.5411,95.25,61,40,11.5,scattered clouds
674,Midland,US,31.9974,-102.0779,97.48,28,1,12.66,clear sky
675,Hay River,CA,60.8156,-115.7999,71.58,64,75,11.5,light rain
676,Rawa Mazowiecka,PL,51.7644,20.2549,67.77,75,4,2.15,clear sky
677,Malanje,AO,-9.5402,16.341,64.17,24,61,4.41,broken clouds
678,Cam Ranh,VN,11.9214,109.1591,80.56,78,40,3.44,scattered clouds
679,Wakkanai,JP,45.4094,141.6739,70.88,92,83,14.45,broken clouds
680,Havre-Saint-Pierre,CA,50.2334,-63.5986,57.56,94,90,6.91,overcast clouds
681,Tagusao,PH,9.1924,117.8141,82.17,77,93,15.1,overcast clouds
682,Santa Cruz De Tenerife,ES,28.4682,-16.2546,75.42,94,90,10.0,fog
683,Belaya Gora,RU,68.5333,146.4167,61.75,40,97,7.99,overcast clouds
684,Aktau,KZ,43.65,51.2,77.58,72,3,11.79,clear sky
685,Petropavlovsk-Kamchatskiy,RU,53.0452,158.6483,63.19,77,20,2.24,few clouds
686,Pundaguitan,PH,6.3711,126.1689,84.0,73,44,7.92,scattered clouds
687,Kulhudhuffushi,MV,6.6221,73.07,81.73,80,100,14.58,overcast clouds
688,Launceston,AU,-41.45,147.1667,48.79,97,75,10.36,broken clouds
689,Dauphin,CA,51.1494,-100.0502,78.94,36,1,17.27,clear sky
690,Simbahan,PH,6.3032,120.5836,83.48,78,96,14.03,overcast clouds
691,Sunrise Manor,US,36.2111,-115.0731,107.82,21,1,9.22,clear sky
692,La Tour-De-Peilz,CH,46.4531,6.8586,75.7,84,73,5.28,broken clouds
693,Rawson,AR,-43.3002,-65.1023,48.54,38,5,10.54,clear sky
694,Curaca,BR,-8.9903,-39.9094,76.57,46,26,20.13,scattered clouds
695,Poya,NC,-21.35,165.15,77.29,65,15,1.43,few clouds
696,Carrefour,HT,18.5411,-72.3992,89.78,58,40,6.91,scattered clouds
697,Kapustin Yar,RU,48.5831,45.7372,73.85,35,90,10.65,overcast clouds
698,Kholodnyy,RU,62.7167,147.95,59.61,67,32,1.59,scattered clouds
